mredkar,75
crpascua,12
asing205,16
makr,89
peverroad,90
lsmith,45
kpowel,90
akanderson43,14
dlance4567,90
ypratap652,90
crpascua,12
ryshwim5673,100
sopeter9084,16
gshea,78
tmorr13,81
agarry7891,56
cwhyte295,85
psharma41,87
bverm53,50
mithvem781,100
tychas89,104
vanmac6781,90
nathriver18941,45
debcall890,34
jeverg421,89
pshan16781,56
vanall1481,65
tysmith2577,90
gabcru2841,28
katabe45616,24
natsing1501,81
nellt384,46
ltang38753,98
luluiz,71
caandr,18
angonz4515,90
macydr,89
megs781,86
crpascua,12
rizlang573,81
sunnjun1451,81
crpascua,12
naland13,75
luluiz,71
luluiz,71